Genus,Species,Latitude,Longitude,Type status
Buceros,bicornis,26.17346,94.50885,
Buceros,bicornis,14.53722,75.14686,
Buceros,bicornis,23.51638,94.89993,
Buceros,bicornis,16.32276,99.08523,
Buceros,bicornis,0.11657,100.86897,
Buceros,bicornis,19.59873,98.78604,
Buceros,bicornis,15.79526,102.91909,Holotype
Buceros,bicornis,26.36785,92.98252,
Buceros,bicornis,0.51498,101.76225,
Buceros,bicornis,22.25638,94.18441,
Buceros,bicornis,15.84189,98.87253,
Buceros,bicornis,23.0718,96.49101,
Buceros,bicornis,25.36115,93.67186,
Buceros,rhinoceros,3.15284,102.30593,
Buceros,rhinoceros,-0.11415,111.65423,
Buceros,rhinoceros,0.14339,116.75388,
Buceros,rhinoceros,1.06829,115.07556,
Buceros,rhinoceros,-1.06836,101.21403,
Buceros,rhinoceros,1.06491,117.07192,
Buceros,rhinoceros,-0.2814,99.9549,Holotype
Buceros,rhinoceros,1.01847,113.49314,
Buceros,rhinoceros,-0.361,111.52986,
Buceros,rhinoceros,-0.12406,114.48477,
Buceros,rhinoceros,1.82914,116.08908,
Buceros,rhinoceros,-1.2331,113.41521,
Anthracoceros,albirostris,1.49112,112.2942,
Anthracoceros,albirostris,12.16309,106.24689,
Anthracoceros,albirostris,25.4892,90.47179,
Anthracoceros,albirostris,19.59368,100.46932,
Anthracoceros,albirostris,15.41284,100.25173,
Anthracoceros,albirostris,26.07296,88.35406,
Anthracoceros,albirostris,21.36871,96.02175,
Anthracoceros,albirostris,18.35119,95.49506,Holotype
Anthracoceros,albirostris,17.77537,98.23897,
Anthracoceros,albirostris,26.88258,90.12014,
Anthracoceros,albirostris,21.93268,96.27153,
Anthracoceros,albirostris,17.59694,96.6348,
Anthracoceros,albirostris,26.32393,92.17344,
Anthracoceros,albirostris,11.9684,104.47333,
Anthracoceros,malayanus,-1.33636,111.63162,
Anthracoceros,malayanus,1.43761,116.42293,
Anthracoceros,malayanus,-0.95638,113.25098,
Anthracoceros,malayanus,-1.48247,112.52067,
Anthracoceros,malayanus,-0.17584,100.13049,
Anthracoceros,malayanus,-0.94142,103.46356,
Anthracoceros,malayanus,-0.3376,113.50986,Holotype
Anthracoceros,malayanus,-1.11751,111.0015,
Anthracoceros,malayanus,-1.39588,100.99526,
Anthracoceros,malayanus,-1.46007,116.38938,
Anthracoceros,malayanus,-0.81627,112.3622,
Anthracoceros,malayanus,-1.43484,114.86835,
Anthracoceros,coronatus,19.96267,79.94858,
Anthracoceros,coronatus,16.04853,76.6689,
Anthracoceros,coronatus,20.65691,79.74284,
Anthracoceros,coronatus,12.3866,76.10295,
Anthracoceros,coronatus,14.8394,75.87542,
Anthracoceros,coronatus,19.03439,81.96076,
Anthracoceros,coronatus,19.52592,79.98423,Holotype
Anthracoceros,coronatus,13.60549,76.50843,
Anthracoceros,coronatus,20.45433,82.87542,
Anthracoceros,coronatus,13.31875,76.98678,
Anthracoceros,coronatus,11.25138,75.98739,
Anthracoceros,coronatus,7.59987,81.35457,
Rhyticeros,undulatus,0.3503,113.57079,
Rhyticeros,undulatus,18.22812,96.95267,
Rhyticeros,undulatus,18.41744,96.46797,
Rhyticeros,undulatus,18.30742,98.65961,
Rhyticeros,undulatus,0.17162,115.76667,
Rhyticeros,undulatus,1.4674,112.20173,
Rhyticeros,undulatus,26.27865,91.42711,Holotype
Rhyticeros,undulatus,26.72092,91.83166,
Rhyticeros,undulatus,20.05797,96.07104,
Rhyticeros,undulatus,-0.78957,111.42446,
Rhyticeros,undulatus,12.72359,99.0043,
Rhyticeros,undulatus,20.76685,98.56004,
Rhyticeros,undulatus,13.77943,99.73807,
Rhyticeros,subruficollis,13.61796,98.56005,
Rhyticeros,subruficollis,14.16637,98.09842,
Rhyticeros,subruficollis,14.23735,98.73016,
Rhyticeros,subruficollis,15.02143,98.81019,
Rhyticeros,subruficollis,14.6319,98.21094,Holotype
Rhyticeros,subruficollis,14.02384,98.70093,
Rhyticeros,subruficollis,5.95378,100.99601,
Rhyticeros,subruficollis,14.53099,98.43096,
Rhyticeros,subruficollis,15.93843,98.46463,
