Genus,Species,Latitude,Longitude
Chelonia,mydas,16.06561,52.58342
Chelonia,mydas,-17.79848,159.8957
Chelonia,mydas,16.25568,-76.36174
Chelonia,mydas,25.55921,-73.64302
Chelonia,mydas,19.3107,-155.9072
Chelonia,mydas,20.16073,-83.34352
Chelonia,mydas,-10.64512,155.35216
Chelonia,mydas,-13.32556,146.01497
Chelonia,mydas,25.3065,-82.00746
Chelonia,mydas,12.56149,54.97507
Chelonia,mydas,13.15053,46.1605
Chelonia,mydas,16.82269,42.51683
Chelonia,mydas,23.86115,-84.33705
Chelonia,mydas,6.29399,118.41982
Chelonia,mydas,22.876,-72.13655
Chelonia,mydas,17.78111,-82.33245
Chelonia,mydas,13.10432,-73.76641
Chelonia,mydas,-13.16022,-38.46222
Chelonia,mydas,22.82526,-90.99347
Chelonia,mydas,20.97266,-81.78275
Chelonia,mydas,23.4128,-88.97727
Chelonia,mydas,17.07733,-72.96226
Chelonia,mydas,2.62431,97.39662
Chelonia,mydas,25.22769,-76.98143
Chelonia,mydas,-24.43896,-41.12966
Chelonia,mydas,16.18715,-72.74673
Chelonia,mydas,16.64587,-70.21931
Chelonia,mydas,19.89901,-72.42812
Caretta,caretta,25.93143,-81.74104
Caretta,caretta,32.65457,-77.70683
Caretta,caretta,33.51559,140.33211
Caretta,caretta,36.05978,140.7143
Caretta,caretta,39.21671,137.73129
Caretta,caretta,-28.13735,155.32927
Caretta,caretta,-22.16686,36.49866
Caretta,caretta,-30.88679,32.36183
Caretta,caretta,28.35809,-114.06961
Caretta,caretta,31.33094,-10.54363
Caretta,caretta,32.72922,-118.99702
Caretta,caretta,-23.17389,-42.06137
Caretta,caretta,-19.6394,149.58651
Caretta,caretta,32.95869,135.3164
Caretta,caretta,38.35974,23.92044
Caretta,caretta,-26.90106,153.26429
Caretta,caretta,34.80999,-73.77809
Caretta,caretta,32.88026,135.21687
Caretta,caretta,34.46958,-16.52005
Caretta,caretta,24.79059,-79.53031
Caretta,caretta,38.6284,137.06841
Caretta,caretta,37.85742,131.36725
Caretta,caretta,26.92889,-78.66368
Caretta,caretta,34.58955,140.56118
Caretta,caretta,31.90537,140.2751
Caretta,caretta,24.2734,-113.75207
Dermochelys,coriacea,4.94545,0.67539
Dermochelys,coriacea,4.05499,-0.58393
Dermochelys,coriacea,22.06943,-18.0196
Dermochelys,coriacea,13.3815,-58.00563
Dermochelys,coriacea,6.01151,-80.07799
Dermochelys,coriacea,0.32437,-48.63796
Dermochelys,coriacea,12.2836,-16.65741
Dermochelys,coriacea,17.95726,-74.06036
Dermochelys,coriacea,-6.07922,119.56914
Dermochelys,coriacea,4.25942,-9.00086
Dermochelys,coriacea,-16.05514,-75.18821
Dermochelys,coriacea,-12.36483,-78.57185
Dermochelys,coriacea,-12.8472,-78.77872
Dermochelys,coriacea,10.68403,-78.02886
Dermochelys,coriacea,-5.94032,-81.4372
Dermochelys,coriacea,2.60991,105.7076
Dermochelys,coriacea,-5.60804,118.68215
Dermochelys,coriacea,-1.60466,-91.72875
Dermochelys,coriacea,-41.30342,170.6371
Dermochelys,coriacea,19.07565,-66.92111
Dermochelys,coriacea,-5.75567,115.07948
Dermochelys,coriacea,-3.72444,107.69378
Dermochelys,coriacea,21.90087,-70.02226
Dermochelys,coriacea,11.71004,-86.61889
